iter	RMSLEMetric	RMSLEMetric	RMSLEMetric	RMSLEMetric	RMSLEMetric
0	2.092661695	2.093553607	2.092096966	2.104330637	2.089724526
1	1.891131015	1.891890429	1.890368979	1.90289386	1.888454312
2	1.730279928	1.730830704	1.730404632	1.74287074	1.728541375
3	1.599812094	1.600193552	1.599823536	1.611472808	1.597040763
4	1.490327035	1.490365514	1.490548492	1.501965769	1.487707805
5	1.397088899	1.396950869	1.397282814	1.408706442	1.394296365
6	1.3177416	1.317592802	1.317716119	1.330013051	1.316616151
7	1.250793512	1.251622597	1.252653926	1.261918902	1.248936359
8	1.193065416	1.194224115	1.194930644	1.203211527	1.191466276
9	1.1410507	1.14202195	1.141990885	1.151261141	1.139879852
10	1.093946521	1.094966479	1.094876354	1.104920318	1.093319944
11	1.054213262	1.054966552	1.054693958	1.063616556	1.052700395
12	1.018257138	1.019223866	1.01884061	1.027092129	1.015842803
13	0.9830471504	0.9841429543	0.9843639442	0.9929673601	0.9816034139
14	0.9519776867	0.9530266114	0.9531747265	0.9620094369	0.9505779084
