iter	RMSLEMetric
0	2.095198742
1	1.89332483222	1.73328203	33	1.60251014	44	1.49309255	1.39966208
6	1.319933285
7	1.254679716
8	1.196983037
9	1.144049848110	1.096803377111	1.056570075112	1.020721364113	0.9861045392114	0.9548194632

39
