iter	RMSE	Poisson
0	11.22266198	-7.999439999
